bill_id,question_id,question,answer
IESCO_0004,Q1,Why is my bill this month higher or lower than last month?,
IESCO_0004,Q2,Did I pay my previous bills on time and in full?,
IESCO_0004,Q3,What percentage of my bill is the fuel price adjustment?,
IESCO_0004,Q4,"How much am I paying per unit including taxes, and how much excluding taxes?",
IESCO_0004,Q5,"If I reduce my usage by 50 units, how much could I save?",
IESCO_0004,Q6,"Am I receiving any government subsidy, and how much?",
IESCO_0004,Q7,What is my peak and off-peak usage?,
IESCO_0004,Q8,What was my total consumption over the last 6 months?,
IESCO_0004,Q9,How many units did I use compared to my sanctioned load?,
IESCO_0004,Q10,What would I owe if I pay 5 days after the due date?,
IESCO_0004,Q11,Which charge is the largest part of my bill?,
IESCO_0004,Q12,What is my average bill amount in the billing history?,
KESC_0004,Q1,Why is my bill this month higher or lower than last month?,
KESC_0004,Q2,Did I pay my previous bills on time and in full?,
KESC_0004,Q3,What percentage of my bill is the fuel price adjustment?,
KESC_0004,Q4,"How much am I paying per unit including taxes, and how much excluding taxes?",
KESC_0004,Q5,"If I reduce my usage by 50 units, how much could I save?",
KESC_0004,Q6,"Am I receiving any government subsidy, and how much?",
KESC_0004,Q7,What is my peak and off-peak usage?,
KESC_0004,Q8,What was my total consumption over the last 6 months?,
KESC_0004,Q9,How many units did I use compared to my sanctioned load?,
KESC_0004,Q10,What would I owe if I pay 5 days after the due date?,
KESC_0004,Q11,Which charge is the largest part of my bill?,
KESC_0004,Q12,What is my average bill amount in the billing history?,
KESC_0008,Q1,Why is my bill this month higher or lower than last month?,
KESC_0008,Q2,Did I pay my previous bills on time and in full?,
KESC_0008,Q3,What percentage of my bill is the fuel price adjustment?,
KESC_0008,Q4,"How much am I paying per unit including taxes, and how much excluding taxes?",
KESC_0008,Q5,"If I reduce my usage by 50 units, how much could I save?",
KESC_0008,Q6,"Am I receiving any government subsidy, and how much?",
KESC_0008,Q7,What is my peak and off-peak usage?,
KESC_0008,Q8,What was my total consumption over the last 6 months?,
KESC_0008,Q9,How many units did I use compared to my sanctioned load?,
KESC_0008,Q10,What would I owe if I pay 5 days after the due date?,
KESC_0008,Q11,Which charge is the largest part of my bill?,
KESC_0008,Q12,What is my average bill amount in the billing history?,
LESCO_0005,Q1,Why is my bill this month higher or lower than last month?,
LESCO_0005,Q2,Did I pay my previous bills on time and in full?,
LESCO_0005,Q3,What percentage of my bill is the fuel price adjustment?,
LESCO_0005,Q4,"How much am I paying per unit including taxes, and how much excluding taxes?",
LESCO_0005,Q5,"If I reduce my usage by 50 units, how much could I save?",
LESCO_0005,Q6,"Am I receiving any government subsidy, and how much?",
LESCO_0005,Q7,What is my peak and off-peak usage?,
LESCO_0005,Q8,What was my total consumption over the last 6 months?,
LESCO_0005,Q9,How many units did I use compared to my sanctioned load?,
LESCO_0005,Q10,What would I owe if I pay 5 days after the due date?,
LESCO_0005,Q11,Which charge is the largest part of my bill?,
LESCO_0005,Q12,What is my average bill amount in the billing history?,
LESCO_0006,Q1,Why is my bill this month higher or lower than last month?,
LESCO_0006,Q2,Did I pay my previous bills on time and in full?,
LESCO_0006,Q3,What percentage of my bill is the fuel price adjustment?,
LESCO_0006,Q4,"How much am I paying per unit including taxes, and how much excluding taxes?",
LESCO_0006,Q5,"If I reduce my usage by 50 units, how much could I save?",
LESCO_0006,Q6,"Am I receiving any government subsidy, and how much?",
LESCO_0006,Q7,What is my peak and off-peak usage?,
LESCO_0006,Q8,What was my total consumption over the last 6 months?,
LESCO_0006,Q9,How many units did I use compared to my sanctioned load?,
LESCO_0006,Q10,What would I owe if I pay 5 days after the due date?,
LESCO_0006,Q11,Which charge is the largest part of my bill?,
LESCO_0006,Q12,What is my average bill amount in the billing history?,
