bill_id,json
IESCO_0002,"{""provider"":""IESCO"",""tariff"":""A-1a(01)"",""sanctioned_load_kw"":1,""bill_month"":""2026-08"",""reading_date"":""2026-08-08"",""issue_date"":""2026-08-09"",""due_date"":""2026-08-24"",""previous_reading"":5949.08,""current_reading"":6625.57,""units_consumed"":676,""charges"":[{""type"":""energy"",""amount"":29807}],""total_charges"":29807,""taxes"":[],""total_taxes"":8516,""current_bill"":38323,""arrears"":31203,""payable_within_due_date"":69897,""payable_after_due_date"":72878}"
IESCO_0003,"{""provider"":""IESCO"",""tariff"":""A-1A(01)"",""sanctioned_load_kw"":3,""bill_month"":""2026-09"",""reading_date"":""2026-09-27"",""issue_date"":""2026-09-28"",""due_date"":""2026-10-12"",""previous_reading"":1156.14,""current_reading"":1213.9,""units_consumed"":58,""charges"":[{""type"":""energy"",""amount"":2636},{""type"":""subsidy"",""amount"":-1393}],""total_charges"":1243,""taxes"":[],""total_taxes"":234,""current_bill"":1477,""arrears"":0,""payable_within_due_date"":1649,""payable_after_due_date"":1773}"
IESCO_0005,"{""provider"":""IESCO"",""tariff"":""A-1A(01)"",""sanctioned_load_kw"":4,""bill_month"":""2026-09"",""reading_date"":""2026-09-13"",""issue_date"":""2026-09-14"",""due_date"":""2026-09-24"",""previous_reading"":3624.46,""current_reading"":3801.12,""units_consumed"":177,""charges"":[{""type"":""energy"",""amount"":7711},{""type"":""subsidy"",""amount"":-1002}],""total_charges"":6709,""taxes"":[],""total_taxes"":1295,""current_bill"":8004,""arrears"":0,""payable_within_due_date"":8603,""payable_after_due_date"":9274}"
KESC_0002,"{""provider"":""KE"",""tariff"":""A1-R"",""sanctioned_load_kw"":3,""bill_month"":""2026-09"",""reading_date"":""2026-09-04"",""issue_date"":""2026-09-08"",""due_date"":""2026-09-22"",""previous_reading"":9935,""current_reading"":10094,""units_consumed"":159,""charges"":[{""type"":""fixed"",""amount"":900},{""type"":""energy"",""amount"":4596.69},{""type"":""quarterly_adjustment"",""amount"":-274.99},{""type"":""quarterly_adjustment"",""amount"":10.66},{""type"":""fpa"",""amount"":613.31},{""type"":""surcharge"",""amount"":513.57}],""total_charges"":6359.24,""taxes"":[{""type"":""electricity_duty"",""amount"":81.89},{""type"":""gst"",""amount"":1159.4},{""type"":""municipal_tax"",""amount"":20}],""total_taxes"":1261.29,""current_bill"":7620.53,""arrears"":-0.41,""payable_within_due_date"":7621,""payable_after_due_date"":8257}"
KESC_0003,"{""provider"":""KE"",""tariff"":""A1-R"",""sanctioned_load_kw"":2,""bill_month"":""2026-09"",""reading_date"":""2026-09-07"",""issue_date"":""2026-09-10"",""due_date"":""2026-09-24"",""previous_reading"":16538,""current_reading"":16997,""units_consumed"":459,""charges"":[{""type"":""fixed"",""amount"":1000},{""type"":""energy"",""amount"":17878.05},{""type"":""quarterly_adjustment"",""amount"":-705.63},{""type"":""quarterly_adjustment"",""amount"":53.83},{""type"":""fpa"",""amount"":1280.14},{""type"":""surcharge"",""amount"":1482.57}],""total_charges"":20988.96,""taxes"":[{""type"":""electricity_duty"",""amount"":299.83},{""type"":""gst"",""amount"":3831.98},{""type"":""municipal_tax"",""amount"":125}],""total_taxes"":4256.81,""current_bill"":25245.77,""arrears"":-0.2,""payable_within_due_date"":25246,""payable_after_due_date"":27345}"
KESC_0005,"{""provider"":""KE"",""tariff"":""A1-R"",""sanctioned_load_kw"":8,""bill_month"":""2026-04"",""reading_date"":""2026-04-01"",""issue_date"":""2026-04-06"",""due_date"":""2026-04-20"",""previous_reading"":null,""current_reading"":null,""units_consumed"":286,""charges"":[{""type"":""fixed"",""amount"":2700},{""type"":""energy"",""amount"":8218.14},{""type"":""energy"",""amount"":2248.8},{""type"":""quarterly_adjustment"",""amount"":100.22},{""type"":""fpa"",""amount"":290.39},{""type"":""surcharge"",""amount"":923.78}],""total_charges"":14481.33,""taxes"":[{""type"":""electricity_duty"",""amount"":176.72},{""type"":""gst"",""amount"":2638.45}],""total_taxes"":2815.17,""current_bill"":17296.5,""arrears"":-0.47,""payable_within_due_date"":17297,""payable_after_due_date"":18745}"
KESC_0006,"{""provider"":""KE"",""tariff"":""A1-R"",""sanctioned_load_kw"":3,""bill_month"":""2026-09"",""reading_date"":""2026-09-04"",""issue_date"":""2026-09-08"",""due_date"":""2026-09-22"",""previous_reading"":31850,""current_reading"":32221,""units_consumed"":371,""charges"":[{""type"":""fixed"",""amount"":1200},{""type"":""energy"",""amount"":13526.66},{""type"":""quarterly_adjustment"",""amount"":-641.64},{""type"":""quarterly_adjustment"",""amount"":24.86},{""type"":""fpa"",""amount"":1294.54},{""type"":""surcharge"",""amount"":1198.33}],""total_charges"":16602.75,""taxes"":[{""type"":""electricity_duty"",""amount"":231.04},{""type"":""gst"",""amount"":3030.08},{""type"":""municipal_tax"",""amount"":100}],""total_taxes"":3361.12,""current_bill"":19963.87,""arrears"":-0.31,""payable_within_due_date"":19964,""payable_after_due_date"":21624}"
LESCO_0001,"{""provider"":""LESCO"",""tariff"":""A-1A(01)"",""sanctioned_load_kw"":3,""bill_month"":""2026-09"",""reading_date"":""2026-09-15"",""issue_date"":""2026-09-18"",""due_date"":""2026-09-28"",""previous_reading"":9919,""current_reading"":10107,""units_consumed"":188,""charges"":[{""type"":""energy"",""amount"":7348},{""type"":""subsidy"",""amount"":-566}],""total_charges"":6782,""taxes"":[],""total_taxes"":1314,""current_bill"":8096,""arrears"":0,""payable_within_due_date"":8567,""payable_after_due_date"":9245}"
LESCO_0002,"{""provider"":""LESCO"",""tariff"":""A-1A(01)"",""sanctioned_load_kw"":5,""bill_month"":""2026-09"",""reading_date"":""2026-09-15"",""issue_date"":""2026-09-18"",""due_date"":""2026-09-28"",""previous_reading"":42159,""current_reading"":42576,""units_consumed"":417,""charges"":[{""type"":""energy"",""amount"":19733}],""total_charges"":19733,""taxes"":[],""total_taxes"":3833,""current_bill"":23566,""arrears"":0,""payable_within_due_date"":24372,""payable_after_due_date"":26345}"
LESCO_0008,"{""provider"":""LESCO"",""tariff"":""A-1a(01)"",""sanctioned_load_kw"":2,""bill_month"":""2026-04"",""reading_date"":""2026-04-15"",""issue_date"":""2026-04-20"",""due_date"":""2026-04-29"",""previous_reading"":6529,""current_reading"":6618,""units_consumed"":89,""charges"":[{""type"":""energy"",""amount"":938.5},{""type"":""fpa"",""amount"":193.6},{""type"":""surcharge"",""amount"":38.27},{""type"":""quarterly_adjustment"",""amount"":31.19},{""type"":""fixed"",""amount"":400}],""total_charges"":1601.56,""taxes"":[{""type"":""electricity_duty"",""amount"":14.54},{""type"":""gst"",""amount"":256},{""type"":""gst"",""amount"":35},{""type"":""electricity_duty"",""amount"":2.9}],""total_taxes"":308.44,""current_bill"":1678.5,""arrears"":null,""payable_within_due_date"":1910,""payable_after_due_date"":2051}"
